structure,predicted_property
gen_10,-7.8182287
gen_4,-8.335686
gen_2,-7.304303
gen_11,-6.846757
gen_1,-7.712435
gen_14,-8.999264
gen_3,-5.6316004
gen_13,-7.3695736
gen_5,-7.5302773
gen_0,-6.230109
gen_6,-7.8165946
gen_7,-6.9247737
gen_15,-7.069344
gen_8,-7.3838997
gen_12,-8.16556
gen_9,-7.072489
