{
  "cv_f1_scores": [
    0.7692307692307693,
    0.75,
    0.7692307692307693,
    0.75,
    0.0
  ],
  "mean_cv_f1": 0.6076923076923076,
  "best_f1": 0.7692307692307693,
  "threshold": -6
}