{
  "cv_f1_scores": [
    0.782608695652174,
    0.8387096774193549,
    0.8108108108108109,
    0.8333333333333334,
    0.7878787878787878
  ],
  "mean_cv_f1": 0.8106682610188922,
  "best_f1": 0.8387096774193549,
  "threshold": -11.675444602966309
}